<results>
  <currentCount>100</currentCount>
  <data>
    <item>
      <col name="서명">Glub</col>
      <col name="연번">101</col>
      <col name="저작자">by Penny Little ; illustrated by Sue Mason</col>
      <col name="가격">16400</col>
      <col name="발행년">2015</col>
      <col name="발행자">ReadZon</col>
    </item>
    <item>
      <col name="연번">102</col>
      <col name="저작자">written by Kelly Starling Lyons ; illustrated by Daniel Minter</col>
      <col name="가격">21600</col>
      <col name="발행년">2019</col>
      <col name="발행자">Peachtree</col>
      <col name="서명">Going down home with Daddy</col>
    </item>
    <item>
      <col name="서명">Good night, Truck</col>
      <col name="연번">103</col>
      <col name="저작자">by Sally Odgers ; illustrated by Heath McKenzie</col>
      <col name="가격">31900</col>
      <col name="발행년">2016</col>
    </item>
    <item>
      <col name="서명">Grandma Nana</col>
      <col name="연번">104</col>
      <col name="저작자">written and illustrated by Ve ronique Tadjo ; Urdu translation by Gulshan Iqbal</col>
      <col name="가격">16400</col>
      <col name="발행년">2000</col>
      <col name="발행자">Milet Publishing</col>
    </item>
    <item>
      <col name="발행년">2016</col>
      <col name="발행자">Hodder Children's Books</col>
      <col name="서명">Green lizards vs red rectangles</col>
      <col name="연번">105</col>
      <col name="저작자">by Steve Antony</col>
      <col name="가격">17800</col>
    </item>
    <item>
      <col name="발행자">First Second</col>
      <col name="서명">Gryphons aren't so great</col>
      <col name="연번">106</col>
      <col name="저작자">by James Sturm ,Andrew Arnold ,Alexis Frederick-Frost</col>
      <col name="가격">30000</col>
      <col name="발행년">2018</col>
    </item>
    <item>
      <col name="저작자">by Komako Sakai ; translated by Cathy Hirano</col>
      <col name="가격">18600</col>
      <col name="발행년">2016</col>
      <col name="발행자">Gecko Pr</col>
      <col name="서명">Hannah's night</col>
      <col name="연번">107</col>
    </item>
    <item>
      <col name="발행자">Earth Aware</col>
      <col name="서명">Hector</col>
      <col name="연번">108</col>
      <col name="가격">29700</col>
      <col name="발행년">2012</col>
    </item>
    <item>
      <col name="발행년">2016</col>
      <col name="발행자">Gecko Press</col>
      <col name="서명">Hello World</col>
      <col name="연번">109</col>
      <col name="저작자">illustrated by Paul Beavis</col>
      <col name="가격">16400</col>
    </item>
    <item>
      <col name="가격">31900</col>
      <col name="발행년">2013</col>
      <col name="서명">Hello, My Name Is Ruby</col>
      <col name="연번">110</col>
      <col name="저작자">by Philip C. Stead</col>
    </item>
    <item>
      <col name="서명">Hooray for knickers</col>
      <col name="연번">111</col>
      <col name="저작자">by Jill Lewis ; illustrated by Deborah Allwright</col>
      <col name="가격">16400</col>
      <col name="발행년">2016</col>
      <col name="발행자">Egmont</col>
    </item>
    <item>
      <col name="저작자">by Martha Mumford ; ilustrated by Ada Grey</col>
      <col name="가격">17800</col>
      <col name="발행년">2015</col>
      <col name="발행자">Bloomsbury</col>
      <col name="서명">Hooray! It's a new royal baby!</col>
      <col name="연번">112</col>
    </item>
    <item>
      <col name="가격">19300</col>
      <col name="발행년">2016</col>
      <col name="발행자">Starfish Bay Children's Books</col>
      <col name="서명">(A) hot cup of chocolate</col>
      <col name="연번">113</col>
      <col name="저작자">by Rose Stanley ; illustrated by Lisa Allen</col>
    </item>
    <item>
      <col name="가격">16400</col>
      <col name="발행년">2015</col>
      <col name="발행자">Scholastic Children's Books</col>
      <col name="서명">How to be a dog</col>
      <col name="연번">114</col>
      <col name="저작자">by Jo Williamson</col>
    </item>
    <item>
      <col name="서명">How to find an elephant</col>
      <col name="연번">115</col>
      <col name="저작자">by Kate Banks ; pictures by Boris Kulikov</col>
      <col name="가격">29900</col>
      <col name="발행년">2017</col>
      <col name="발행자">Farrar Straus Giroux</col>
    </item>
    <item>
      <col name="저작자">by Michelle Robinson ; illustrated by Kate Hindley</col>
      <col name="가격">17800</col>
      <col name="발행년">2019</col>
      <col name="서명">How To Wash A Wooly Mammoth</col>
      <col name="연번">116</col>
    </item>
    <item>
      <col name="발행년">2018</col>
      <col name="발행자">Orion Children's Books</col>
      <col name="서명">Hug Time</col>
      <col name="연번">117</col>
      <col name="저작자">by Patrick McDonnell</col>
      <col name="가격">29700</col>
    </item>
    <item>
      <col name="가격">17800</col>
      <col name="발행년">2018</col>
      <col name="발행자">Hodder Children's Books</col>
      <col name="서명">Hugless Douglas and the Great Cake Bake</col>
      <col name="연번">118</col>
      <col name="저작자">by David Melling</col>
    </item>
    <item>
      <col name="가격">17800</col>
      <col name="발행년">2011</col>
      <col name="발행자">Orchard Books</col>
      <col name="서명">I Love My Daddy</col>
      <col name="연번">119</col>
      <col name="저작자">by Giles Andreae ; illustrated by Emma Dodd</col>
    </item>
    <item>
      <col name="서명">I love you, Father Christmas</col>
      <col name="연번">120</col>
      <col name="저작자">by Giles Andreae ; illustrated by Emma Dodd</col>
      <col name="가격">17800</col>
      <col name="발행년">2015</col>
      <col name="발행자">Orchard</col>
    </item>
    <item>
      <col name="가격">18600</col>
      <col name="발행년">2009</col>
      <col name="발행자">Child's Play International Ltd</col>
      <col name="서명">I Told You So!</col>
      <col name="연번">121</col>
      <col name="저작자">by Sarah Arnold</col>
    </item>
    <item>
      <col name="서명">I want snow!</col>
      <col name="연번">122</col>
      <col name="저작자">by Tony Ross</col>
      <col name="가격">29700</col>
      <col name="발행년">2019</col>
      <col name="발행자">Andersen Press</col>
    </item>
    <item>
      <col name="가격">16400</col>
      <col name="발행년">2018</col>
      <col name="발행자">North Parade Publishing</col>
      <col name="서명">I'm not ill, Isla!</col>
      <col name="연번">123</col>
      <col name="저작자">by Kelly Caswell</col>
    </item>
    <item>
      <col name="가격">30000</col>
      <col name="발행년">2014</col>
      <col name="발행자">Little Bee Books</col>
      <col name="서명">If my dad were an animal</col>
      <col name="연번">124</col>
      <col name="저작자">by Jedda Robaard</col>
    </item>
    <item>
      <col name="가격">30000</col>
      <col name="발행년">2014</col>
      <col name="발행자">Simon and Schuster</col>
      <col name="서명">If my mom were a bird</col>
      <col name="연번">125</col>
      <col name="저작자">by Jedda Robaard</col>
    </item>
    <item>
      <col name="서명">Ilias' Mountain</col>
      <col name="연번">126</col>
      <col name="저작자">by Lilian Kars ; illustrated by Steffie Padmos</col>
      <col name="가격">20300</col>
      <col name="발행년">2017</col>
      <col name="발행자">Tiny Tree Children's Books</col>
    </item>
    <item>
      <col name="가격">31900</col>
      <col name="발행년">2015</col>
      <col name="발행자">Feiwel ＆ Friends</col>
      <col name="연번">127</col>
      <col name="저작자">by Rebecca Colby ; illustrated by Steven Henry</col>
    </item>
    <item>
      <col name="가격">20300</col>
      <col name="발행년">2017</col>
      <col name="발행자">Hodder Children's Books</col>
      <col name="서명">It's the troll!</col>
      <col name="연번">128</col>
      <col name="저작자">by Sally Grindley ; illustrated by Peter Utton</col>
    </item>
    <item>
      <col name="서명">Itty-Bitty Kitty Rescue</col>
      <col name="연번">129</col>
      <col name="저작자">by Ursula Ziegler Sullivan ; illustrated by Fabrizio Petrossi</col>
      <col name="가격">16400</col>
      <col name="발행년">2016</col>
      <col name="발행자">Paragon Books</col>
    </item>
    <item>
      <col name="발행자">Piccadilly Press Ltd</col>
      <col name="서명">Jungle Grumble</col>
      <col name="연번">130</col>
      <col name="저작자">by Julia Jarman ; Illustrated by Lynne Chapman ; Illustrated by Lynne Chapman</col>
      <col name="가격">16400</col>
      <col name="발행년">2014</col>
    </item>
    <item>
      <col name="연번">131</col>
      <col name="저작자">Barbara Park 지음 ; Denise Brunkus 그림</col>
      <col name="가격">11000</col>
      <col name="발행년">1992</col>
      <col name="발행자">Random House</col>
      <col name="서명">Junie B. Jones and the Stupid Smelly Bus</col>
    </item>
    <item>
      <col name="발행자">Random House</col>
      <col name="서명">Junie B. Jones and a Little Monkey Business</col>
      <col name="연번">132</col>
      <col name="저작자">Barbara Park 지음 ; Denise Brunkus 그림</col>
      <col name="가격">11000</col>
      <col name="발행년">1993</col>
    </item>
    <item>
      <col name="가격">11000</col>
      <col name="발행년">1993</col>
      <col name="발행자">Random House</col>
      <col name="서명">Junie B. Jones and Her Big Fat Mouth</col>
      <col name="연번">133</col>
      <col name="저작자">Barbara Park 지음 ; Denise Brunkus 그림</col>
    </item>
    <item>
      <col name="발행년">1994</col>
      <col name="발행자">Random House</col>
      <col name="서명">Junie B. Jones and Some Sneaky Peeky Spying</col>
      <col name="연번">134</col>
      <col name="저작자">Barbara Park 지음 ; Denise Brunkus 그림</col>
      <col name="가격">11000</col>
    </item>
    <item>
      <col name="저작자">Barbara Park 지음 ; Denise Brunkus 그림</col>
      <col name="가격">11000</col>
      <col name="발행년">1995</col>
      <col name="발행자">Random House</col>
      <col name="서명">Junie B. Jones and the Yucky Blucky Fruitcake</col>
      <col name="연번">135</col>
    </item>
    <item>
      <col name="서명">Junie B. Jones and That Meanie Jim's Birthday</col>
      <col name="연번">136</col>
      <col name="저작자">Barbara Park 지음 ; Denise Brunkus 그림</col>
      <col name="가격">11000</col>
      <col name="발행년">1996</col>
      <col name="발행자">Random House</col>
    </item>
    <item>
      <col name="발행자">Random House</col>
      <col name="서명">Junie B. Jones Loves Handsome Warren</col>
      <col name="연번">137</col>
      <col name="저작자">Barbara Park 지음 ; Denise Brunkus 그림</col>
      <col name="가격">11000</col>
      <col name="발행년">1996</col>
    </item>
    <item>
      <col name="가격">11000</col>
      <col name="발행년">1997</col>
      <col name="발행자">Random House</col>
      <col name="서명">Junie B. Jones Has a Monster Under Her Bed</col>
      <col name="연번">138</col>
      <col name="저작자">Barbara Park 지음 ; Denise Brunkus 그림</col>
    </item>
    <item>
      <col name="가격">11000</col>
      <col name="발행년">1997</col>
      <col name="발행자">Random House</col>
      <col name="서명">Junie B. Jones Is Not a Crook</col>
      <col name="연번">139</col>
      <col name="저작자">Barbara Park 지음 ; Denise Brunkus 그림</col>
    </item>
    <item>
      <col name="저작자">Barbara Park 지음 ; Denise Brunkus 그림</col>
      <col name="가격">11000</col>
      <col name="발행년">1997</col>
      <col name="발행자">Random House</col>
      <col name="서명">Junie B. Jones Is a Party Animal</col>
      <col name="연번">140</col>
    </item>
    <item>
      <col name="가격">11000</col>
      <col name="발행년">1998</col>
      <col name="발행자">Random House</col>
      <col name="서명">Junie B. Jones Is a Beauty Shop Guy</col>
      <col name="연번">141</col>
      <col name="저작자">Barbara Park 지음 ; Denise Brunkus 그림</col>
    </item>
    <item>
      <col name="가격">11000</col>
      <col name="발행년">1998</col>
      <col name="발행자">Random House</col>
      <col name="서명">Junie B. Jones Smells Something Fishy</col>
      <col name="연번">142</col>
      <col name="저작자">Barbara Park 지음 ; Denise Brunkus 그림</col>
    </item>
    <item>
      <col name="가격">11000</col>
      <col name="발행년">1999</col>
      <col name="발행자">Random House</col>
      <col name="서명">Junie B. Jones is (Almost) a Flower Girl</col>
      <col name="연번">143</col>
      <col name="저작자">Barbara Park 지음 ; Denise Brunkus 그림</col>
    </item>
    <item>
      <col name="서명">Junie B. Jones and the Mushy Gushy Valentime</col>
      <col name="연번">144</col>
      <col name="저작자">Barbara Park 지음 ; Denise Brunkus 그림</col>
      <col name="가격">11000</col>
      <col name="발행년">1999</col>
      <col name="발행자">Random House</col>
    </item>
    <item>
      <col name="서명">Junie B. Jones Has a Peep in Her Pocket</col>
      <col name="연번">145</col>
      <col name="저작자">Barbara Park 지음 ; Denise Brunkus 그림</col>
      <col name="가격">11000</col>
      <col name="발행년">2000</col>
      <col name="발행자">Random House</col>
    </item>
    <item>
      <col name="저작자">Barbara Park 지음 ; Denise Brunkus 그림</col>
      <col name="가격">11000</col>
      <col name="발행년">2000</col>
      <col name="발행자">Random House</col>
      <col name="서명">Junie B. Jones is Captain Field Day</col>
      <col name="연번">146</col>
    </item>
    <item>
      <col name="발행자">Random House</col>
      <col name="서명">Junie B. Jones Is a Graduation Girl</col>
      <col name="연번">147</col>
      <col name="저작자">Barbara Park 지음 ; Denise Brunkus 그림</col>
      <col name="가격">11000</col>
      <col name="발행년">2001</col>
    </item>
    <item>
      <col name="서명">Junie B. First Grader : at Last!</col>
      <col name="연번">148</col>
      <col name="저작자">Barbara Park 지음 ; Denise Brunkus 그림</col>
      <col name="가격">11000</col>
      <col name="발행년">2001</col>
      <col name="발행자">Random House</col>
    </item>
    <item>
      <col name="가격">11000</col>
      <col name="발행년">2002</col>
      <col name="발행자">Random House</col>
      <col name="서명">Junie B. First Grader : Boss of Lunch</col>
      <col name="연번">149</col>
      <col name="저작자">Barbara Park 지음 ; Denise Brunkus 그림</col>
    </item>
    <item>
      <col name="서명">Junie B. First Grader : Toothless Wonder</col>
      <col name="연번">150</col>
      <col name="저작자">Barbara Park 지음 ; Denise Brunkus 그림</col>
      <col name="가격">11000</col>
      <col name="발행년">2002</col>
      <col name="발행자">Random House</col>
    </item>
    <item>
      <col name="가격">11000</col>
      <col name="발행년">2003</col>
      <col name="발행자">Random House</col>
      <col name="서명">Junie B. First Grader : Cheater Pants</col>
      <col name="연번">151</col>
      <col name="저작자">Barbara Park 지음 ; Denise Brunkus 그림</col>
    </item>
    <item>
      <col name="서명">Junie B. First Grader : One-Man Band</col>
      <col name="연번">152</col>
      <col name="저작자">Barbara Park 지음 ; Denise Brunkus 그림</col>
      <col name="가격">11000</col>
      <col name="발행년">2003</col>
      <col name="발행자">Random House</col>
    </item>
    <item>
      <col name="발행자">Random House</col>
      <col name="서명">Junie B. First Grader : Shipwrecked</col>
      <col name="연번">153</col>
      <col name="저작자">Barbara Park 지음 ; Denise Brunkus 그림</col>
      <col name="가격">11000</col>
      <col name="발행년">2004</col>
    </item>
    <item>
      <col name="발행년">2004</col>
      <col name="발행자">Random House</col>
      <col name="서명">Junie B. First Grader : Boo...and I Mean It!</col>
      <col name="연번">154</col>
      <col name="저작자">Barbara Park 지음 ; Denise Brunkus 그림</col>
      <col name="가격">11000</col>
    </item>
    <item>
      <col name="발행년">2005</col>
      <col name="발행자">Random House</col>
      <col name="서명">Junie B. First Grader : Jingle Bells, Batman Smells! (P.S. So Does May)</col>
      <col name="연번">155</col>
      <col name="저작자">Barbara Park 지음 ; Denise Brunkus 그림</col>
      <col name="가격">12000</col>
    </item>
    <item>
      <col name="서명">Junie B., first grader Aloha-ha-ha!</col>
      <col name="연번">156</col>
      <col name="저작자">by Barbara Park ; illustrated by Denise Brunkus</col>
      <col name="가격">8000</col>
      <col name="발행년">2016</col>
      <col name="발행자">Random House</col>
    </item>
    <item>
      <col name="서명">Jubie B., first grader Dumb Bunny</col>
      <col name="연번">157</col>
      <col name="저작자">by Barbara Park ; illustrated by Denise Brunkus</col>
      <col name="가격">8000</col>
      <col name="발행년">2016</col>
      <col name="발행자">Random House</col>
    </item>
    <item>
      <col name="서명">Junie B. First Grader : Turkeys We Have Loved and Eaten (and Other Thankful Stuff)</col>
      <col name="연번">158</col>
      <col name="저작자">Barbara Park 지음 ; Denise Brunkus 그림</col>
      <col name="가격">20000</col>
      <col name="발행년">2012</col>
      <col name="발행자">Random House</col>
    </item>
    <item>
      <col name="서명">Just for you</col>
      <col name="연번">159</col>
      <col name="저작자">by Christine Leeson ; illustrated by Andy Ellis</col>
      <col name="가격">14200</col>
      <col name="발행년">2013</col>
      <col name="발행자">Little Tiger Press</col>
    </item>
    <item>
      <col name="가격">16400</col>
      <col name="발행년">1989</col>
      <col name="발행자">Hodder Children's</col>
      <col name="서명">Just like Jasper!</col>
      <col name="연번">160</col>
      <col name="저작자">by Nick Butterworth ; Mick Inkpen</col>
    </item>
    <item>
      <col name="가격">16400</col>
      <col name="발행년">2008</col>
      <col name="발행자">Parragon</col>
      <col name="서명">Just one more swim</col>
      <col name="연번">161</col>
      <col name="저작자">by Caroline Pitcher,illustrated by Jenny Jones</col>
    </item>
    <item>
      <col name="서명">Kipper's little friends</col>
      <col name="연번">162</col>
      <col name="저작자">by Mick Inkpen</col>
      <col name="가격">18600</col>
      <col name="발행년">2014</col>
      <col name="발행자">Hodder Children's</col>
    </item>
    <item>
      <col name="가격">16400</col>
      <col name="발행년">2017</col>
      <col name="발행자">Little Tiger Press</col>
      <col name="서명">Lazy ozzie</col>
      <col name="연번">163</col>
      <col name="저작자">by Michael Coleman ; illustrated by Gwyneth Williamson</col>
    </item>
    <item>
      <col name="저작자">by Devon Sillett ; illustrations Anil Tortop</col>
      <col name="가격">28000</col>
      <col name="발행년">2019</col>
      <col name="발행자">Exisle</col>
      <col name="서명">(The) leaky story</col>
      <col name="연번">164</col>
    </item>
    <item>
      <col name="발행자">Henry Holt and Co</col>
      <col name="서명">Lenore finds a friend : a true story from Bedlam Farm</col>
      <col name="연번">165</col>
      <col name="저작자">story and photographs by Jon Katz</col>
      <col name="가격">30000</col>
      <col name="발행년">2012</col>
    </item>
    <item>
      <col name="발행자">Andersen Press</col>
      <col name="서명">Life is magic</col>
      <col name="연번">166</col>
      <col name="저작자">by Meg Mclaren</col>
      <col name="가격">17800</col>
      <col name="발행년">2018</col>
    </item>
    <item>
      <col name="발행자">Walker Books</col>
      <col name="서명">Little and Big</col>
      <col name="연번">167</col>
      <col name="저작자">by Judy Hindley ; illustrated by Nick Sharratt</col>
      <col name="가격">14200</col>
      <col name="발행년">2018</col>
    </item>
    <item>
      <col name="발행년">2016</col>
      <col name="발행자">Igloo book</col>
      <col name="서명">Little bear's picnic</col>
      <col name="연번">168</col>
      <col name="저작자">written by Alice King ; illustrated by Albert Pinilla</col>
      <col name="가격">17800</col>
    </item>
    <item>
      <col name="발행자">Starfish Bay Children's Books</col>
      <col name="서명">Little Bear's Sunlight</col>
      <col name="연번">169</col>
      <col name="저작자">by Bingbo ; illustrated by Jiwei Qian and Daqing</col>
      <col name="가격">25400</col>
      <col name="발행년">2015</col>
    </item>
    <item>
      <col name="연번">170</col>
      <col name="저작자">adapted by Jenne Simon ; from the teleplay by Brian Hartigan</col>
      <col name="가격">29000</col>
      <col name="발행년">2014</col>
      <col name="발행자">Scholastic</col>
      <col name="서명">Double trouble</col>
    </item>
    <item>
      <col name="가격">31900</col>
      <col name="발행년">2017</col>
      <col name="발행자">Roaring Brook Press</col>
      <col name="서명">Little Plane learns to write</col>
      <col name="연번">171</col>
      <col name="저작자">by Stephen Savage</col>
    </item>
    <item>
      <col name="발행자">Meadowside Children's Books</col>
      <col name="서명">Little Rabbit couldn't sleep</col>
      <col name="연번">172</col>
      <col name="저작자">by Beth Shoshan ; illustrated by Sarah Arnold</col>
      <col name="가격">19300</col>
      <col name="발행년">2011</col>
    </item>
    <item>
      <col name="가격">29700</col>
      <col name="발행년">2015</col>
      <col name="발행자">Andersen Press</col>
      <col name="서명">Lovely old lion</col>
      <col name="연번">173</col>
      <col name="저작자">by Julia Jarman ; illustrated by Susan Varley</col>
    </item>
    <item>
      <col name="발행자">Random House</col>
      <col name="서명">Christmas in Camelot</col>
      <col name="연번">174</col>
      <col name="저작자">by Mary Pope Osborne</col>
      <col name="가격">17500</col>
      <col name="발행년">2011</col>
    </item>
    <item>
      <col name="연번">175</col>
      <col name="저작자">by Mary Pope Osborne</col>
      <col name="가격">17500</col>
      <col name="발행년">2011</col>
      <col name="발행자">Random House</col>
      <col name="서명">Haunted Castle on Hallows Eve</col>
    </item>
    <item>
      <col name="발행자">Random House</col>
      <col name="서명">Summer of the Sea Serpen</col>
      <col name="연번">176</col>
      <col name="저작자">by Mary Pope Osborne</col>
      <col name="가격">17500</col>
      <col name="발행년">2011</col>
    </item>
    <item>
      <col name="발행자">Random House</col>
      <col name="서명">Winter of the Ice Wizard</col>
      <col name="연번">177</col>
      <col name="저작자">by Mary Pope Osborne</col>
      <col name="가격">17500</col>
      <col name="발행년">2011</col>
    </item>
    <item>
      <col name="발행자">Random House</col>
      <col name="서명">Carnival at Candlelight</col>
      <col name="연번">178</col>
      <col name="저작자">by Mary Pope Osborne</col>
      <col name="가격">17500</col>
      <col name="발행년">2011</col>
    </item>
    <item>
      <col name="연번">179</col>
      <col name="저작자">by Mary Pope Osborne</col>
      <col name="가격">17500</col>
      <col name="발행년">2011</col>
      <col name="발행자">Random House</col>
      <col name="서명">Season of the Sandstor</col>
    </item>
    <item>
      <col name="가격">17500</col>
      <col name="발행년">2006</col>
      <col name="발행자">Random house</col>
      <col name="서명">Night of the new magicians</col>
      <col name="연번">180</col>
      <col name="저작자">by Mary Pope Osborne ; illustrated by Sal Murdocca</col>
    </item>
    <item>
      <col name="연번">181</col>
      <col name="저작자">by Mary Pope Osborne</col>
      <col name="가격">17500</col>
      <col name="발행년">2011</col>
      <col name="발행자">Random House</col>
      <col name="서명">Blizzard of the Blue Moon</col>
    </item>
    <item>
      <col name="발행년">2011</col>
      <col name="발행자">Random House</col>
      <col name="서명">Dragon of the Red Dawn</col>
      <col name="연번">182</col>
      <col name="저작자">by Mary Pope Osborne</col>
      <col name="가격">17500</col>
    </item>
    <item>
      <col name="발행자">Random House</col>
      <col name="서명">Monday with a Mad Genius</col>
      <col name="연번">183</col>
      <col name="저작자">by Mary Pope Osborne</col>
      <col name="가격">17500</col>
      <col name="발행년">2011</col>
    </item>
    <item>
      <col name="발행년">2011</col>
      <col name="발행자">Random House</col>
      <col name="서명">Dark Day in the Deep Se</col>
      <col name="연번">184</col>
      <col name="저작자">by Mary Pope Osborne</col>
      <col name="가격">17500</col>
    </item>
    <item>
      <col name="가격">17500</col>
      <col name="발행년">2011</col>
      <col name="발행자">Random House</col>
      <col name="서명">Eve of the Emperor Penguin</col>
      <col name="연번">185</col>
      <col name="저작자">by Mary Pope Osborne</col>
    </item>
    <item>
      <col name="가격">17500</col>
      <col name="발행년">2011</col>
      <col name="발행자">Random House</col>
      <col name="서명">Moonlight on the Magic Flute</col>
      <col name="연번">186</col>
      <col name="저작자">by Mary Pope Osborne</col>
    </item>
    <item>
      <col name="저작자">by Mary Pope Osborne</col>
      <col name="가격">17500</col>
      <col name="발행년">2011</col>
      <col name="발행자">Random House</col>
      <col name="서명">(A) Good Night for Ghosts</col>
      <col name="연번">187</col>
    </item>
    <item>
      <col name="가격">17500</col>
      <col name="발행년">2012</col>
      <col name="발행자">Random House</col>
      <col name="서명">Leprechaun in Late Winter</col>
      <col name="연번">188</col>
      <col name="저작자">by Mary Pope Osborne ; illustrated by Sal Murdocca</col>
    </item>
    <item>
      <col name="발행자">Random House</col>
      <col name="서명">(A) ghost tale for Christmas time</col>
      <col name="연번">189</col>
      <col name="저작자">by Mary Pope Osborne ; illustrated by Sal Murdocca</col>
      <col name="가격">17500</col>
      <col name="발행년">2010</col>
    </item>
    <item>
      <col name="저작자">by Mary Pope Osborne ; illustrated by Sal Murdocca ; illustrated by Sal Murdocca</col>
      <col name="가격">17500</col>
      <col name="발행년">2013</col>
      <col name="발행자">Random House</col>
      <col name="서명">(A) Crazy day with cobras</col>
      <col name="연번">190</col>
    </item>
    <item>
      <col name="발행자">Random House</col>
      <col name="서명">Dogs in the dead of night</col>
      <col name="연번">191</col>
      <col name="저작자">by Mary Pope Osborne ; illustrated by Sal Murdocca</col>
      <col name="가격">17500</col>
      <col name="발행년">2011</col>
    </item>
    <item>
      <col name="연번">192</col>
      <col name="저작자">by Mary Pope Osborne ; illustrated by Sal Mardocca</col>
      <col name="가격">17500</col>
      <col name="발행년">2014</col>
      <col name="발행자">Random house</col>
      <col name="서명">Abe Lincoln at last!</col>
    </item>
    <item>
      <col name="연번">193</col>
      <col name="저작자">by Mary Pope Osborne ; illustrated by Sal Murdocca</col>
      <col name="가격">17500</col>
      <col name="발행년">2012</col>
      <col name="발행자">Random House</col>
      <col name="서명">(A) perfect time for pandas</col>
    </item>
    <item>
      <col name="발행년">2015</col>
      <col name="발행자">Random house</col>
      <col name="서명">Stallion by starlight</col>
      <col name="연번">194</col>
      <col name="저작자">by Mary Pope Osborne ; illustrated by Sal Mardocca</col>
      <col name="가격">17500</col>
    </item>
    <item>
      <col name="저작자">by Mary Pope Osborne ; illustrated by Sal Mardocca</col>
      <col name="가격">17500</col>
      <col name="발행년">2015</col>
      <col name="발행자">Random house</col>
      <col name="서명">Hurry Up, Houdini!</col>
      <col name="연번">195</col>
    </item>
    <item>
      <col name="발행자">Random House</col>
      <col name="서명">High time for heroes</col>
      <col name="연번">196</col>
      <col name="저작자">by Mary Pope Osborne</col>
      <col name="가격">17500</col>
      <col name="발행년">2016</col>
    </item>
    <item>
      <col name="저작자">by Mary Pope Osborne ; illustrated by Sal Mardocca</col>
      <col name="가격">17500</col>
      <col name="발행년">2016</col>
      <col name="발행자">Random house</col>
      <col name="서명">Soccer on Sunday</col>
      <col name="연번">197</col>
    </item>
    <item>
      <col name="서명">Shadow of the Sharks</col>
      <col name="연번">198</col>
      <col name="저작자">by Mary Pope Osborne ; illustrated by Sal Mardocca</col>
      <col name="가격">17500</col>
      <col name="발행년">2016</col>
      <col name="발행자">Random house</col>
    </item>
    <item>
      <col name="서명">Magical Ice Palace</col>
      <col name="연번">199</col>
      <col name="저작자">by Suzanne Smith,Lindsay Taylor ; illustrated by Marnie Maurre</col>
      <col name="가격">17800</col>
      <col name="발행년">2017</col>
    </item>
    <item>
      <col name="발행년">2004</col>
      <col name="발행자">Frances Lincoln</col>
      <col name="서명">Matisse : King of Colour</col>
      <col name="연번">200</col>
      <col name="저작자">by Laurence Anholt</col>
      <col name="가격">29700</col>
    </item>
  </data>
  <matchCount>5076</matchCount>
  <page>2</page>
  <perPage>100</perPage>
  <totalCount>5076</totalCount>
</results>