<results>
<currentCount>10</currentCount>
<data>
<item>
<col name="강수량 (㎜)">20.6</col>
<col name="시점">2017-01</col>
<col name="이슬점 온도 (℃)">-8.2</col>
<col name="일조시간 (hr)">215.6</col>
<col name="최심신적설 (㎝)">8.1</col>
<col name="평균 운량 (1/10)">3.5</col>
<col name="평균 해면기압 (hPa)">1025.9</col>
</item>
<item>
<col name="시점">2017-02</col>
<col name="이슬점 온도 (℃)">-7.2</col>
<col name="일조시간 (hr)">216.4</col>
<col name="최심신적설 (㎝)">0.4</col>
<col name="평균 운량 (1/10)">2.9</col>
<col name="평균 해면기압 (hPa)">1023.8</col>
<col name="강수량 (㎜)">16.2</col>
</item>
<item>
<col name="평균 운량 (1/10)">3.9</col>
<col name="평균 해면기압 (hPa)">1020</col>
<col name="강수량 (㎜)">9.7</col>
<col name="시점">2017-03</col>
<col name="이슬점 온도 (℃)">-1.8</col>
<col name="일조시간 (hr)">260.1</col>
<col name="최심신적설 (㎝)"/>
</item>
<item>
<col name="최심신적설 (㎝)"/>
<col name="평균 운량 (1/10)">4.3</col>
<col name="평균 해면기압 (hPa)">1012.9</col>
<col name="강수량 (㎜)">57</col>
<col name="시점">2017-04</col>
<col name="이슬점 온도 (℃)">4.8</col>
<col name="일조시간 (hr)">258.4</col>
</item>
<item>
<col name="강수량 (㎜)">21.6</col>
<col name="시점">2017-05</col>
<col name="이슬점 온도 (℃)">10.5</col>
<col name="일조시간 (hr)">312.3</col>
<col name="최심신적설 (㎝)"/>
<col name="평균 운량 (1/10)">3.7</col>
<col name="평균 해면기압 (hPa)">1012.1</col>
</item>
<item>
<col name="일조시간 (hr)">286.5</col>
<col name="최심신적설 (㎝)"/>
<col name="평균 운량 (1/10)">4.8</col>
<col name="평균 해면기압 (hPa)">1008.2</col>
<col name="강수량 (㎜)">49.3</col>
<col name="시점">2017-06</col>
<col name="이슬점 온도 (℃)">15</col>
</item>
<item>
<col name="일조시간 (hr)">142.1</col>
<col name="최심신적설 (㎝)"/>
<col name="평균 운량 (1/10)">7.7</col>
<col name="평균 해면기압 (hPa)">1007.1</col>
<col name="강수량 (㎜)">478.3</col>
<col name="시점">2017-07</col>
<col name="이슬점 온도 (℃)">23.1</col>
</item>
<item>
<col name="일조시간 (hr)">185.5</col>
<col name="최심신적설 (㎝)"/>
<col name="평균 운량 (1/10)">6.9</col>
<col name="평균 해면기압 (hPa)">1007.1</col>
<col name="강수량 (㎜)">250.5</col>
<col name="시점">2017-08</col>
<col name="이슬점 온도 (℃)">20.6</col>
</item>
<item>
<col name="강수량 (㎜)">21.6</col>
<col name="시점">2017-09</col>
<col name="이슬점 온도 (℃)">15</col>
<col name="일조시간 (hr)">256.1</col>
<col name="최심신적설 (㎝)"/>
<col name="평균 운량 (1/10)">4.2</col>
<col name="평균 해면기압 (hPa)">1012.8</col>
</item>
<item>
<col name="일조시간 (hr)">210.9</col>
<col name="최심신적설 (㎝)"/>
<col name="평균 운량 (1/10)">4.5</col>
<col name="평균 해면기압 (hPa)">1020.8</col>
<col name="강수량 (㎜)">21.8</col>
<col name="시점">2017-10</col>
<col name="이슬점 온도 (℃)">8.1</col>
</item>
</data>
<matchCount>12</matchCount>
<page>1</page>
<perPage>10</perPage>
<totalCount>12</totalCount>
</results>