<?xml version="1.0" encoding="UTF-8"?>

<!DOCTYPE  mapper PUBLIC "-//mybatis.org//DTD Mapper 3.0//EN" "http://mybatis.org/dtd/mybatis-3-mapper.dtd">
<mapper namespace="user">

	<insert id="insert" parameterType="hashMap"
		useGeneratedKeys="true" keyProperty="id">  
    <![CDATA[
    insert into customer
    (id, pw,name, address,hp,gender,e_mail) 
    values
    (#{id}, #{pw}, #{name}, #{address}, #{hp}, #{gender}, #{e_mail})
    ]]>
	</insert>


	<select id="select_detail" parameterType="hashMap"
		resultType="hashMap">
    <![CDATA[
    select id,pw,address,hp,gender,e_mail from customer where id=#{UserId}  
    ]]>
	</select>

	<update id="update" parameterType="hashMap">  
	<![CDATA[  
	update customer set pw = #{pw}, address = #{address}, hp = #{hp},
	gender = #{gender}, e_mail = #{e_mail} where id=#{UserId}
	]]>
	</update>
	
	
	<select id="buy_list" parameterType="hashMap"
		resultType="hashMap">
    <![CDATA[
    select id,address,hp from cart where id=#{UserId}
    ]]>
	</select>
	
	


	<select id="login_ok" parameterType="hashMap"
		resultType="hashMap">
	<![CDATA[
    select pw from customer where id=#{id}
    ]]>
	</select>

	<select id="idCheck_test" parameterType="String"
		resultType="int">
		SELECT COUNT(*) from customer where id =#{id}
	</select>

	<select id="select_list" parameterType="hashMap"
		resultType="hashMap">  
<![CDATA[  
 select name,address,hp,gender,e_mail from customer 
]]>


	</select>

<insert id="addCart" parameterType="hashMap"
		useGeneratedKeys="true" keyProperty="id">  
    <![CDATA[
    insert into cart
    (id, pd_num,orderCount) 
    values
    (#{id}, #{pd_num},#{orderCount})
    ]]>
	</insert>

		<select id="cart_list" parameterType="hashMap"
		resultType="hashMap">
    <![CDATA[
 select cartId, id, pd_num, orderCount, add_date, pd_des, price from  allpdcart order by cartId desc
    ]]>
	</select>
	
</mapper>